hotel_name,locality,price,rating,score,review,link
Hotel Fairmount Plaza Near IGI,New Delhi,"1,162",Very Good,8.5,6,https://www.booking.com/hotel/in/alomax.html?label=gen173rf-10CAEoggI46AdIM1gDaGyIAQGYATO4ARfIAQzYAQPoAQH4AQGIAgGiAgpnaXRodWIuY29tqAIBuAKWtuTHBsACAdICJGU3YmFhOTNlLTVlODItNDYyNC05ZTAzLTM2MzJkYmQ4NzEzYtgCAeACAQ&aid=304142&ucfs=1&arphpl=1&checkin=2025-11-01&checkout=2025-11-02&dest_id=-2106102&dest_type=city&group_adults=2&req_adults=2&no_rooms=1&group_children=0&req_children=0&hpos=1&hapos=1&sr_order=popularity&srpvid=67c48efbe99202c8&srepoch=1761164407&all_sr_blocks=1491062101_420767055_2_1_0&highlighted_blocks=1491062101_420767055_2_1_0&matching_block_id=1491062101_420767055_2_1_0&sr_pri_blocks=1491062101_420767055_2_1_0__116186&from=searchresults
ibis New Delhi Aerocity - An Accor Brand,"Aerocity, New Delhi (Aerocity)","10,499",Review score,6.9,"7,784",https://www.booking.com/hotel/in/ibis-delhi-airport.html?label=gen173rf-10CAEoggI46AdIM1gDaGyIAQGYATO4ARfIAQzYAQPoAQH4AQGIAgGiAgpnaXRodWIuY29tqAIBuAKWtuTHBsACAdICJGU3YmFhOTNlLTVlODItNDYyNC05ZTAzLTM2MzJkYmQ4NzEzYtgCAeACAQ&aid=304142&ucfs=1&arphpl=1&checkin=2025-11-01&checkout=2025-11-02&dest_id=-2106102&dest_type=city&group_adults=2&req_adults=2&no_rooms=1&group_children=0&req_children=0&hpos=2&hapos=2&sr_order=popularity&srpvid=67c48efbe99202c8&srepoch=1761164407&all_sr_blocks=41988402_403971689_2_42_0_815176&highlighted_blocks=41988402_403971689_2_42_0_815176&matching_block_id=41988402_403971689_2_42_0_815176&sr_pri_blocks=41988402_403971689_2_42_0_815176_1049900&from_sustainable_property_sr=1&from=searchresults
BLESS INN - Near Connaught Place,"Paharganj, New Delhi (Chandni Chowk)","2,856",Very Good,8.4,"1,244",https://www.booking.com/hotel/in/bless-inn-new-delhi1.html?label=gen173rf-10CAEoggI46AdIM1gDaGyIAQGYATO4ARfIAQzYAQPoAQH4AQGIAgGiAgpnaXRodWIuY29tqAIBuAKWtuTHBsACAdICJGU3YmFhOTNlLTVlODItNDYyNC05ZTAzLTM2MzJkYmQ4NzEzYtgCAeACAQ&aid=304142&ucfs=1&arphpl=1&checkin=2025-11-01&checkout=2025-11-02&dest_id=-2106102&dest_type=city&group_adults=2&req_adults=2&no_rooms=1&group_children=0&req_children=0&hpos=3&hapos=3&sr_order=popularity&srpvid=67c48efbe99202c8&srepoch=1761164407&all_sr_blocks=769646501_390857682_2_42_0_1208719&highlighted_blocks=769646501_390857682_2_42_0_1208719&matching_block_id=769646501_390857682_2_42_0_1208719&sr_pri_blocks=769646501_390857682_2_42_0_1208719_285600&from=searchresults
"Airport Le Premier, New Delhi","Mahipalpur, New Delhi","2,624",Very Good,8.3,506,https://www.booking.com/hotel/in/airport-le-premier-new-delhi.html?label=gen173rf-10CAEoggI46AdIM1gDaGyIAQGYATO4ARfIAQzYAQPoAQH4AQGIAgGiAgpnaXRodWIuY29tqAIBuAKWtuTHBsACAdICJGU3YmFhOTNlLTVlODItNDYyNC05ZTAzLTM2MzJkYmQ4NzEzYtgCAeACAQ&aid=304142&ucfs=1&arphpl=1&checkin=2025-11-01&checkout=2025-11-02&dest_id=-2106102&dest_type=city&group_adults=2&req_adults=2&no_rooms=1&group_children=0&req_children=0&hpos=4&hapos=4&sr_order=popularity&srpvid=67c48efbe99202c8&srepoch=1761164407&all_sr_blocks=1268942101_399621361_2_2_0&highlighted_blocks=1268942101_399621361_2_2_0&matching_block_id=1268942101_399621361_2_2_0&sr_pri_blocks=1268942101_399621361_2_2_0__262440&from=searchresults
Hotel Seven Inn Plaza Near IGI Delhi Airport,New Delhi,"1,214",Excellent,8.7,22,https://www.booking.com/hotel/in/seven-plaza.html?label=gen173rf-10CAEoggI46AdIM1gDaGyIAQGYATO4ARfIAQzYAQPoAQH4AQGIAgGiAgpnaXRodWIuY29tqAIBuAKWtuTHBsACAdICJGU3YmFhOTNlLTVlODItNDYyNC05ZTAzLTM2MzJkYmQ4NzEzYtgCAeACAQ&aid=304142&ucfs=1&arphpl=1&checkin=2025-11-01&checkout=2025-11-02&dest_id=-2106102&dest_type=city&group_adults=2&req_adults=2&no_rooms=1&group_children=0&req_children=0&hpos=5&hapos=5&sr_order=popularity&srpvid=67c48efbe99202c8&srepoch=1761164407&all_sr_blocks=1490695001_420731703_2_41_0&highlighted_blocks=1490695001_420731703_2_41_0&matching_block_id=1490695001_420731703_2_41_0&sr_pri_blocks=1490695001_420731703_2_41_0__121419&from=searchresults
Airport Hotel Grand,"Mahipalpur, New Delhi","2,100",Very Good,8.2,"2,857",https://www.booking.com/hotel/in/the-grand-sarwan.html?label=gen173rf-10CAEoggI46AdIM1gDaGyIAQGYATO4ARfIAQzYAQPoAQH4AQGIAgGiAgpnaXRodWIuY29tqAIBuAKWtuTHBsACAdICJGU3YmFhOTNlLTVlODItNDYyNC05ZTAzLTM2MzJkYmQ4NzEzYtgCAeACAQ&aid=304142&ucfs=1&arphpl=1&checkin=2025-11-01&checkout=2025-11-02&dest_id=-2106102&dest_type=city&group_adults=2&req_adults=2&no_rooms=1&group_children=0&req_children=0&hpos=6&hapos=6&sr_order=popularity&srpvid=67c48efbe99202c8&srepoch=1761164407&all_sr_blocks=40346820_407825976_0_42_0&highlighted_blocks=40346820_407825976_0_42_0&matching_block_id=40346820_407825976_0_42_0&sr_pri_blocks=40346820_407825976_0_42_0__209950&from=searchresults
Hotel Glory Near IGI Airport New Delhi,"Aerocity, New Delhi (Aerocity)","1,579",Review score,6.6,5,https://www.booking.com/hotel/in/sachin-new-delhi3.html?label=gen173rf-10CAEoggI46AdIM1gDaGyIAQGYATO4ARfIAQzYAQPoAQH4AQGIAgGiAgpnaXRodWIuY29tqAIBuAKWtuTHBsACAdICJGU3YmFhOTNlLTVlODItNDYyNC05ZTAzLTM2MzJkYmQ4NzEzYtgCAeACAQ&aid=304142&ucfs=1&arphpl=1&checkin=2025-11-01&checkout=2025-11-02&dest_id=-2106102&dest_type=city&group_adults=2&req_adults=2&no_rooms=1&group_children=0&req_children=0&hpos=7&hapos=7&sr_order=popularity&srpvid=67c48efbe99202c8&srepoch=1761164407&all_sr_blocks=1496051001_421281138_2_41_0&highlighted_blocks=1496051001_421281138_2_41_0&matching_block_id=1496051001_421281138_2_41_0&sr_pri_blocks=1496051001_421281138_2_41_0__157869&from=searchresults
Hotel Luxury Stay Near IGI Airport Delhi,"Aerocity, New Delhi (Aerocity)","1,574",Excellent,8.7,10,https://www.booking.com/hotel/in/otslimed.html?label=gen173rf-10CAEoggI46AdIM1gDaGyIAQGYATO4ARfIAQzYAQPoAQH4AQGIAgGiAgpnaXRodWIuY29tqAIBuAKWtuTHBsACAdICJGU3YmFhOTNlLTVlODItNDYyNC05ZTAzLTM2MzJkYmQ4NzEzYtgCAeACAQ&aid=304142&ucfs=1&arphpl=1&checkin=2025-11-01&checkout=2025-11-02&dest_id=-2106102&dest_type=city&group_adults=2&req_adults=2&no_rooms=1&group_children=0&req_children=0&hpos=8&hapos=8&sr_order=popularity&srpvid=67c48efbe99202c8&srepoch=1761164407&all_sr_blocks=1502905002_421979732_2_2_0&highlighted_blocks=1502905002_421979732_2_2_0&matching_block_id=1502905002_421979732_2_2_0&sr_pri_blocks=1502905002_421979732_2_2_0__157448&from=searchresults
"Hotel The Prime Balaji Deluxe, City Centre, With Free Airport Pickup","Paharganj, New Delhi (Chandni Chowk)","3,315",Very Good,8.0,"1,570",https://www.booking.com/hotel/in/the-prime-balaji-deluxe-new-delhi-railway-station.html?label=gen173rf-10CAEoggI46AdIM1gDaGyIAQGYATO4ARfIAQzYAQPoAQH4AQGIAgGiAgpnaXRodWIuY29tqAIBuAKWtuTHBsACAdICJGU3YmFhOTNlLTVlODItNDYyNC05ZTAzLTM2MzJkYmQ4NzEzYtgCAeACAQ&aid=304142&ucfs=1&arphpl=1&checkin=2025-11-01&checkout=2025-11-02&dest_id=-2106102&dest_type=city&group_adults=2&req_adults=2&no_rooms=1&group_children=0&req_children=0&hpos=9&hapos=9&sr_order=popularity&srpvid=67c48efbe99202c8&srepoch=1761164407&all_sr_blocks=117775902_420182366_2_41_0_903252&highlighted_blocks=117775902_420182366_2_41_0_903252&matching_block_id=117775902_420182366_2_41_0_903252&sr_pri_blocks=117775902_420182366_2_41_0_903252_331500&from=searchresults
"Hotel City Pride - City Centre, with Free Airport Pickup","Paharganj, New Delhi (Chandni Chowk)","3,640",Very Good,8.4,"2,009",https://www.booking.com/hotel/in/ritz-new-delhi.html?label=gen173rf-10CAEoggI46AdIM1gDaGyIAQGYATO4ARfIAQzYAQPoAQH4AQGIAgGiAgpnaXRodWIuY29tqAIBuAKWtuTHBsACAdICJGU3YmFhOTNlLTVlODItNDYyNC05ZTAzLTM2MzJkYmQ4NzEzYtgCAeACAQ&aid=304142&ucfs=1&arphpl=1&checkin=2025-11-01&checkout=2025-11-02&dest_id=-2106102&dest_type=city&group_adults=2&req_adults=2&no_rooms=1&group_children=0&req_children=0&hpos=10&hapos=10&sr_order=popularity&srpvid=67c48efbe99202c8&srepoch=1761164407&all_sr_blocks=546171401_415402020_0_1_0_1184811&highlighted_blocks=546171401_415402020_0_1_0_1184811&matching_block_id=546171401_415402020_0_1_0_1184811&sr_pri_blocks=546171401_415402020_0_1_0_1184811_364000&from=searchresults
Hotel Blue Pearl - Free Airport Pick up,"Paharganj, New Delhi (Chandni Chowk)","2,880",Very Good,8.2,"3,450",https://www.booking.com/hotel/in/blue-pearl.html?label=gen173rf-10CAEoggI46AdIM1gDaGyIAQGYATO4ARfIAQzYAQPoAQH4AQGIAgGiAgpnaXRodWIuY29tqAIBuAKWtuTHBsACAdICJGU3YmFhOTNlLTVlODItNDYyNC05ZTAzLTM2MzJkYmQ4NzEzYtgCAeACAQ&aid=304142&ucfs=1&arphpl=1&checkin=2025-11-01&checkout=2025-11-02&dest_id=-2106102&dest_type=city&group_adults=2&req_adults=2&no_rooms=1&group_children=0&req_children=0&hpos=11&hapos=11&sr_order=popularity&srpvid=67c48efbe99202c8&srepoch=1761164407&all_sr_blocks=74201710_418938529_2_41_0_1172736&highlighted_blocks=74201710_418938529_2_41_0_1172736&matching_block_id=74201710_418938529_2_41_0_1172736&sr_pri_blocks=74201710_418938529_2_41_0_1172736_288000&from=searchresults
Airport La Sapphire Hotel & Restaurant,"Mahipalpur, New Delhi","3,060",Very Good,8.3,"1,169",https://www.booking.com/hotel/in/la-sapphire-amp-restuarant.html?label=gen173rf-10CAEoggI46AdIM1gDaGyIAQGYATO4ARfIAQzYAQPoAQH4AQGIAgGiAgpnaXRodWIuY29tqAIBuAKWtuTHBsACAdICJGU3YmFhOTNlLTVlODItNDYyNC05ZTAzLTM2MzJkYmQ4NzEzYtgCAeACAQ&aid=304142&ucfs=1&arphpl=1&checkin=2025-11-01&checkout=2025-11-02&dest_id=-2106102&dest_type=city&group_adults=2&req_adults=2&no_rooms=1&group_children=0&req_children=0&hpos=12&hapos=12&sr_order=popularity&srpvid=67c48efbe99202c8&srepoch=1761164407&all_sr_blocks=1138260201_423106115_2_2_0_900959&highlighted_blocks=1138260201_423106115_2_2_0_900959&matching_block_id=1138260201_423106115_2_2_0_900959&sr_pri_blocks=1138260201_423106115_2_2_0_900959_306000&from=searchresults
Hotel Red Castle - Karol Bagh - Where luxury meets comfort,"Karol bagh, New Delhi","3,214",Very Good,8.5,626,https://www.booking.com/hotel/in/red-castle-new-delhi.html?label=gen173rf-10CAEoggI46AdIM1gDaGyIAQGYATO4ARfIAQzYAQPoAQH4AQGIAgGiAgpnaXRodWIuY29tqAIBuAKWtuTHBsACAdICJGU3YmFhOTNlLTVlODItNDYyNC05ZTAzLTM2MzJkYmQ4NzEzYtgCAeACAQ&aid=304142&ucfs=1&arphpl=1&checkin=2025-11-01&checkout=2025-11-02&dest_id=-2106102&dest_type=city&group_adults=2&req_adults=2&no_rooms=1&group_children=0&req_children=0&hpos=13&hapos=13&sr_order=popularity&srpvid=67c48efbe99202c8&srepoch=1761164407&all_sr_blocks=783447601_337820426_2_42_0_712406&highlighted_blocks=783447601_337820426_2_42_0_712406&matching_block_id=783447601_337820426_2_42_0_712406&sr_pri_blocks=783447601_337820426_2_42_0_712406_321400&from=searchresults
Holiday Inn New Delhi Aerocity by IHG,"Aerocity, New Delhi (Aerocity)","15,663",Wonderful,9.1,"7,475",https://www.booking.com/hotel/in/holiday-inn-new-delhi-international-airport.html?label=gen173rf-10CAEoggI46AdIM1gDaGyIAQGYATO4ARfIAQzYAQPoAQH4AQGIAgGiAgpnaXRodWIuY29tqAIBuAKWtuTHBsACAdICJGU3YmFhOTNlLTVlODItNDYyNC05ZTAzLTM2MzJkYmQ4NzEzYtgCAeACAQ&aid=304142&ucfs=1&arphpl=1&checkin=2025-11-01&checkout=2025-11-02&dest_id=-2106102&dest_type=city&group_adults=2&req_adults=2&no_rooms=1&group_children=0&req_children=0&hpos=14&hapos=14&sr_order=popularity&srpvid=67c48efbe99202c8&srepoch=1761164407&all_sr_blocks=76970657_94506140_2_42_0&highlighted_blocks=76970657_94506140_2_42_0&matching_block_id=76970657_94506140_2_42_0&sr_pri_blocks=76970657_94506140_2_42_0__1566300&from=searchresults
Hotel Namaste Hindustan Just a Minute Away From New Delhi Railway Station and Connaught place,"Paharganj, New Delhi (Chandni Chowk)","5,775",Excellent,8.9,"1,615",https://www.booking.com/hotel/in/namaste-hindustan-just-a-minute-away-from-new-delhi-railway-station.html?label=gen173rf-10CAEoggI46AdIM1gDaGyIAQGYATO4ARfIAQzYAQPoAQH4AQGIAgGiAgpnaXRodWIuY29tqAIBuAKWtuTHBsACAdICJGU3YmFhOTNlLTVlODItNDYyNC05ZTAzLTM2MzJkYmQ4NzEzYtgCAeACAQ&aid=304142&ucfs=1&arphpl=1&checkin=2025-11-01&checkout=2025-11-02&dest_id=-2106102&dest_type=city&group_adults=2&req_adults=2&no_rooms=1&group_children=0&req_children=0&hpos=15&hapos=15&sr_order=popularity&srpvid=67c48efbe99202c8&srepoch=1761164407&all_sr_blocks=1295786401_403190738_2_42_0_1209731&highlighted_blocks=1295786401_403190738_2_42_0_1209731&matching_block_id=1295786401_403190738_2_42_0_1209731&sr_pri_blocks=1295786401_403190738_2_42_0_1209731_577500&from=searchresults
"Hotel The Pearl, City Center - Traveler's Choice Award Winner for 2025","Paharganj, New Delhi (Chandni Chowk)","5,464",Very Good,8.3,227,https://www.booking.com/hotel/in/the-pearl-new-delhi2.html?label=gen173rf-10CAEoggI46AdIM1gDaGyIAQGYATO4ARfIAQzYAQPoAQH4AQGIAgGiAgpnaXRodWIuY29tqAIBuAKWtuTHBsACAdICJGU3YmFhOTNlLTVlODItNDYyNC05ZTAzLTM2MzJkYmQ4NzEzYtgCAeACAQ&aid=304142&ucfs=1&arphpl=1&checkin=2025-11-01&checkout=2025-11-02&dest_id=-2106102&dest_type=city&group_adults=2&req_adults=2&no_rooms=1&group_children=0&req_children=0&hpos=16&hapos=16&sr_order=popularity&srpvid=67c48efbe99202c8&srepoch=1761164407&all_sr_blocks=1028858501_415231906_2_41_0_850065&highlighted_blocks=1028858501_415231906_2_41_0_850065&matching_block_id=1028858501_415231906_2_41_0_850065&sr_pri_blocks=1028858501_415231906_2_41_0_850065_546419&from=searchresults
Hotel Tripple Tree - Karol Bagh,"Karol bagh, New Delhi","3,604",Excellent,8.6,987,https://www.booking.com/hotel/in/tripple-tree-new-delhi.html?label=gen173rf-10CAEoggI46AdIM1gDaGyIAQGYATO4ARfIAQzYAQPoAQH4AQGIAgGiAgpnaXRodWIuY29tqAIBuAKWtuTHBsACAdICJGU3YmFhOTNlLTVlODItNDYyNC05ZTAzLTM2MzJkYmQ4NzEzYtgCAeACAQ&aid=304142&ucfs=1&arphpl=1&checkin=2025-11-01&checkout=2025-11-02&dest_id=-2106102&dest_type=city&group_adults=2&req_adults=2&no_rooms=1&group_children=0&req_children=0&hpos=17&hapos=17&sr_order=popularity&srpvid=67c48efbe99202c8&srepoch=1761164407&all_sr_blocks=812670201_362472635_2_42_0_712419&highlighted_blocks=812670201_362472635_2_42_0_712419&matching_block_id=812670201_362472635_2_42_0_712419&sr_pri_blocks=812670201_362472635_2_42_0_712419_360355&from=searchresults
The Shanti Plaza - Traveler's choice awarded 2025,"Paharganj, New Delhi (Chandni Chowk)","3,120",Excellent,8.6,537,https://www.booking.com/hotel/in/shanti-plaza.html?label=gen173rf-10CAEoggI46AdIM1gDaGyIAQGYATO4ARfIAQzYAQPoAQH4AQGIAgGiAgpnaXRodWIuY29tqAIBuAKWtuTHBsACAdICJGU3YmFhOTNlLTVlODItNDYyNC05ZTAzLTM2MzJkYmQ4NzEzYtgCAeACAQ&aid=304142&ucfs=1&arphpl=1&checkin=2025-11-01&checkout=2025-11-02&dest_id=-2106102&dest_type=city&group_adults=2&req_adults=2&no_rooms=1&group_children=0&req_children=0&hpos=18&hapos=18&sr_order=popularity&srpvid=67c48efbe99202c8&srepoch=1761164407&all_sr_blocks=213208105_418340468_2_41_0_825884&highlighted_blocks=213208105_418340468_2_41_0_825884&matching_block_id=213208105_418340468_2_41_0_825884&sr_pri_blocks=213208105_418340468_2_41_0_825884_312000&from=searchresults
Hotel Baba Deluxe near New Delhi Railway Station and City Center -By RCG Hotels,"Paharganj, New Delhi (Chandni Chowk)","2,304",Very Good,8.4,"2,258",https://www.booking.com/hotel/in/baba-deluxe.html?label=gen173rf-10CAEoggI46AdIM1gDaGyIAQGYATO4ARfIAQzYAQPoAQH4AQGIAgGiAgpnaXRodWIuY29tqAIBuAKWtuTHBsACAdICJGU3YmFhOTNlLTVlODItNDYyNC05ZTAzLTM2MzJkYmQ4NzEzYtgCAeACAQ&aid=304142&ucfs=1&arphpl=1&checkin=2025-11-01&checkout=2025-11-02&dest_id=-2106102&dest_type=city&group_adults=2&req_adults=2&no_rooms=1&group_children=0&req_children=0&hpos=19&hapos=19&sr_order=popularity&srpvid=67c48efbe99202c8&srepoch=1761164407&all_sr_blocks=25467408_377846126_2_42_0&highlighted_blocks=25467408_377846126_2_42_0&matching_block_id=25467408_377846126_2_42_0&sr_pri_blocks=25467408_377846126_2_42_0__230400&from=searchresults
"Hotel Bricks, Karol Bagh, New Delhi","Karol bagh, New Delhi","2,399",Very Good,8.3,"1,002",https://www.booking.com/hotel/in/bricks-karol-bagh-new-delhi1.html?label=gen173rf-10CAEoggI46AdIM1gDaGyIAQGYATO4ARfIAQzYAQPoAQH4AQGIAgGiAgpnaXRodWIuY29tqAIBuAKWtuTHBsACAdICJGU3YmFhOTNlLTVlODItNDYyNC05ZTAzLTM2MzJkYmQ4NzEzYtgCAeACAQ&aid=304142&ucfs=1&arphpl=1&checkin=2025-11-01&checkout=2025-11-02&dest_id=-2106102&dest_type=city&group_adults=2&req_adults=2&no_rooms=1&group_children=0&req_children=0&hpos=20&hapos=20&sr_order=popularity&srpvid=67c48efbe99202c8&srepoch=1761164407&all_sr_blocks=816128401_352216591_2_2_0&highlighted_blocks=816128401_352216591_2_2_0&matching_block_id=816128401_352216591_2_2_0&sr_pri_blocks=816128401_352216591_2_2_0__239940&from=searchresults
The Pearl Plaza Hotel - Walking Distance From New Delhi Railway Station and Connaught Place,"Paharganj, New Delhi (Chandni Chowk)","2,176",Excellent,8.6,309,https://www.booking.com/hotel/in/pearl-plaza-boutique.html?label=gen173rf-10CAEoggI46AdIM1gDaGyIAQGYATO4ARfIAQzYAQPoAQH4AQGIAgGiAgpnaXRodWIuY29tqAIBuAKWtuTHBsACAdICJGU3YmFhOTNlLTVlODItNDYyNC05ZTAzLTM2MzJkYmQ4NzEzYtgCAeACAQ&aid=304142&ucfs=1&arphpl=1&checkin=2025-11-01&checkout=2025-11-02&dest_id=-2106102&dest_type=city&group_adults=2&req_adults=2&no_rooms=1&group_children=0&req_children=0&hpos=21&hapos=21&sr_order=popularity&srpvid=67c48efbe99202c8&srepoch=1761164407&all_sr_blocks=1233265801_395282871_2_42_0_761394&highlighted_blocks=1233265801_395282871_2_42_0_761394&matching_block_id=1233265801_395282871_2_42_0_761394&sr_pri_blocks=1233265801_395282871_2_42_0_761394_217568&from=searchresults
Hotel Armani Free Airport Pickup Aur Drop,"Aerocity, New Delhi (Aerocity)","2,999",Wonderful,9.0,158,https://www.booking.com/hotel/in/smart-armani.html?label=gen173rf-10CAEoggI46AdIM1gDaGyIAQGYATO4ARfIAQzYAQPoAQH4AQGIAgGiAgpnaXRodWIuY29tqAIBuAKWtuTHBsACAdICJGU3YmFhOTNlLTVlODItNDYyNC05ZTAzLTM2MzJkYmQ4NzEzYtgCAeACAQ&aid=304142&ucfs=1&arphpl=1&checkin=2025-11-01&checkout=2025-11-02&dest_id=-2106102&dest_type=city&group_adults=2&req_adults=2&no_rooms=1&group_children=0&req_children=0&hpos=22&hapos=22&sr_order=popularity&srpvid=67c48efbe99202c8&srepoch=1761164407&all_sr_blocks=1372275702_409644495_2_42_0&highlighted_blocks=1372275702_409644495_2_42_0&matching_block_id=1372275702_409644495_2_42_0&sr_pri_blocks=1372275702_409644495_2_42_0__299925&from=searchresults
Hotel Grand Plaza in City Centre - Walking Distance From New Delhi Railway Station and Connaught Place,"Paharganj, New Delhi (Chandni Chowk)","3,612",Excellent,8.8,201,https://www.booking.com/hotel/in/grand-plaza.html?label=gen173rf-10CAEoggI46AdIM1gDaGyIAQGYATO4ARfIAQzYAQPoAQH4AQGIAgGiAgpnaXRodWIuY29tqAIBuAKWtuTHBsACAdICJGU3YmFhOTNlLTVlODItNDYyNC05ZTAzLTM2MzJkYmQ4NzEzYtgCAeACAQ&aid=304142&ucfs=1&arphpl=1&checkin=2025-11-01&checkout=2025-11-02&dest_id=-2106102&dest_type=city&group_adults=2&req_adults=2&no_rooms=1&group_children=0&req_children=0&hpos=23&hapos=23&sr_order=popularity&srpvid=67c48efbe99202c8&srepoch=1761164407&all_sr_blocks=34048501_408385226_0_42_0&highlighted_blocks=34048501_408385226_0_42_0&matching_block_id=34048501_408385226_0_42_0&sr_pri_blocks=34048501_408385226_0_42_0__361158&from=searchresults
Hindustan By Backpackers Heaven - Traveller's Choice Award 2025 Best of Best Winning Hotel,"Paharganj, New Delhi (Chandni Chowk)","2,576",Very Good,8.2,"1,528",https://www.booking.com/hotel/in/hindustan-international-dx-new-delhi.html?label=gen173rf-10CAEoggI46AdIM1gDaGyIAQGYATO4ARfIAQzYAQPoAQH4AQGIAgGiAgpnaXRodWIuY29tqAIBuAKWtuTHBsACAdICJGU3YmFhOTNlLTVlODItNDYyNC05ZTAzLTM2MzJkYmQ4NzEzYtgCAeACAQ&aid=304142&ucfs=1&arphpl=1&checkin=2025-11-01&checkout=2025-11-02&dest_id=-2106102&dest_type=city&group_adults=2&req_adults=2&no_rooms=1&group_children=0&req_children=0&hpos=24&hapos=24&sr_order=popularity&srpvid=67c48efbe99202c8&srepoch=1761164407&all_sr_blocks=310940918_353533486_2_42_0_576886&highlighted_blocks=310940918_353533486_2_42_0_576886&matching_block_id=310940918_353533486_2_42_0_576886&sr_pri_blocks=310940918_353533486_2_42_0_576886_257600&from=searchresults
The IVY Grand Hotel - 5 Minutes from Connaught Place and New Delhi Railway Station With Free Secured Parking,"Paharganj, New Delhi (Chandni Chowk)","3,600",Very Good,8.5,714,https://www.booking.com/hotel/in/the-ivy-grand.html?label=gen173rf-10CAEoggI46AdIM1gDaGyIAQGYATO4ARfIAQzYAQPoAQH4AQGIAgGiAgpnaXRodWIuY29tqAIBuAKWtuTHBsACAdICJGU3YmFhOTNlLTVlODItNDYyNC05ZTAzLTM2MzJkYmQ4NzEzYtgCAeACAQ&aid=304142&ucfs=1&arphpl=1&checkin=2025-11-01&checkout=2025-11-02&dest_id=-2106102&dest_type=city&group_adults=2&req_adults=2&no_rooms=1&group_children=0&req_children=0&hpos=25&hapos=25&sr_order=popularity&srpvid=67c48efbe99202c8&srepoch=1761164407&all_sr_blocks=788688401_352060512_2_42_0_799232&highlighted_blocks=788688401_352060512_2_42_0_799232&matching_block_id=788688401_352060512_2_42_0_799232&sr_pri_blocks=788688401_352060512_2_42_0_799232_359960&from=searchresults
